in_name,bbox_num,image_num
鸭头-in,24,7
辣椒-in,12180,1953
香菜-in,3109,776
糖-in,341,47
奶油-in,3639,384
巧克力-in,1269,164
鱼类-in,655,117
花椒-in,1520,347
樱桃-in,255,54
小柠檬-in,4,2
牛杂-in,64,8
花生-in,1797,286
娃娃菜-in,319,116
香菇-in,550,143
里脊-in,272,28
虾类-in,725,107
藕-in,407,114
鱼豆腐-in,319,76
肠类-in,479,69
培根-in,254,65
豆腐-in,2163,388
葱-in,13704,2027
鱼丸-in,115,23
海带-in,538,180
鱿鱼-in,353,86
土豆-in,2244,578
猪肉-in,2139,336
蟹排-in,14,5
西兰花-in,522,119
芝麻-in,5818,639
方便面-in,27,15
海鲜蒸蛋-in,1,1
扇贝-in,330,80
蛋黄果-in,2,1
可可粉-in,44,11
肥羊粉-in,2,1
井水豆芽-in,5,1
青椒-in,1432,239
蛙类-in,77,6
蒜-in,3404,851
芒果-in,877,145
草莓-in,1175,210
猕猴桃-in,388,87
黄桃-in,400,79
蓝莓-in,467,85
草莓奶油-in,6,1
原味奶油-in,3,1
草莓颗粒-in,2,1
原味蛋糕胚-in,5,1
马卡龙-in,6,5
鸭-in,41,10
红枣-in,729,229
胡萝卜-in,2641,565
冬瓜-in,148,45
西红柿-in,798,226
鹌鹑蛋-in,240,65
丸子-in,651,151
鱼头-in,65,14
剁椒-in,71,11
泡椒-in,93,23
甜豆-in,31,4
百合-in,27,4
笋干-in,19,4
珍珠-in,276,33
干子-in,29,2
虾仁-in,288,59
稻米-in,636,100
生菜-in,1796,522
黄瓜-in,2252,457
意大利面 -in,8,1
苦菊 -in,2,1
水晶包-in,6,1
洋葱-in,1625,393
洋葱 -in,1,1
酱汁-in,16,6
牛肉-in,1081,201
海参-in,81,22
花胶-in,35,6
猪筋-in,2,1
枸杞-in,1186,268
鲍鱼-in,180,45
小麦粉-in,580,97
蒜苔-in,253,30
鸡-in,372,55
黄豆芽-in,64,6
蘸料-in,48,36
春饼-in,2,2
橙子-in,170,69
牛腩-in,125,21
珍珠圆子-in,10,1
黑胡椒-in,45,10
木耳-in,1302,287
昌牛肚-in,4,1
腐竹-in,264,59
油菜-in,928,218
牛肚-in,58,12
豆腐皮-in,416,96
五花肉-in,465,86
鸡胸肉-in,160,28
意面-in,159,29
玉米-in,1354,354
地瓜丸-in,6,2
鸡翅-in,285,70
薯条-in,196,63
金针菇-in,974,384
菌类-in,29,10
蛋糕-in,82,19
淀粉-in,21,4
八角-in,80,43
鸡爪-in,321,80
面条类-in,227,54
鸡蛋-in,2487,603
小米辣-in,300,58
红椒-in,1986,278
白玉菇-in,113,16
柠檬-in,494,202
秋葵-in,118,24
卡仕达酱-in,2,1
上腿-in,3,1
沙拉酱-in,470,70
炸货-in,4,1
茄子-in,395,65
禾谷类-in,495,54
烧饼-in,19,3
猪肝-in,174,21
花蛤子-in,7,1
排条-in,11,1
蕃茄酱-in,192,28
鱼滑-in,4,1
桂圆-in,60,17
蘑菇-in,690,214
蔬菜-in,595,190
茼蒿-in,111,18
白菜-in,934,304
粉条-in,121,44
胖头鱼-in,11,2
干辣椒-in,233,49
猪肠-in,94,16
姜-in,488,200
米粉-in,144,21
小番茄-in,188,60
杏鲍菇-in,135,24
羊排-in,65,12
焦糖-in,50,6
牛蛙-in,366,53
菜心-in,65,11
动物奶油-in,21,3
菠萝-in,252,73
黑芝麻-in,378,29
风干鱼-in,14,1
白芝麻-in,599,24
小龙虾-in,182,22
其他肉禽-in,25,4
鸡肉-in,1275,210
豆瓣酱-in,9,1
青花鱼-in,2,2
草鱼-in,43,9
螃蟹-in,224,61
贝壳-in,38,7
水果-in,204,50
哈密瓜-in,176,56
桔梗-in,3,1
奥利奥-in,64,19
猪肚-in,109,22
鲜切牛肉-in,10,1
芹菜-in,677,112
平菇-in,55,8
羊腰子-in,4,1
年糕-in,220,51
提子-in,70,13
炸鸡-in,68,18
泡菜-in,40,12
肉饼-in,8,2
黄鱼-in,27,8
荸荠-in,29,8
蟹类-in,36,7
鸭肉-in,201,34
韭菜-in,536,74
海米-in,26,4
火龙果-in,392,100
桑葚-in,24,8
鸡脆骨-in,7,1
绿椒-in,4,1
鲜豆腐皮-in,3,1
鲜毛肚-in,2,1
龙利鱼-in,11,2
火腿-in,399,100
绿豆芽-in,49,8
菠菜-in,254,40
汤丸-in,3,1
芝麻糊-in,5,1
黄豆-in,203,39
薄荷-in,173,61
鸡皮-in,16,5
黄鳝-in,10,2
白菜鲜肉水饺-in,4,1
蕨根粉-in,16,5
配菜-in,85,25
佐料-in,57,24
苏丹鱼-in,12,1
鲜鸭血-in,11,4
牛肝-in,4,1
红丝绒-in,2,1
乳酪-in,21,3
肉筋 脆骨-in,6,1
龙虾-in,243,32
火锅底料-in,8,2
清江鱼-in,31,5
调味品-in,19,4
红豆-in,304,59
泰式西兰花-in,10,1
和牛-in,26,4
鲜花-in,6,1
百草-in,3,1
蟹棒-in,80,26
马齿苋-in,145,27
笋-in,92,34
玫瑰-in,16,4
牛肉卷-in,14,2
午餐肉-in,131,51
小白菜-in,60,8
银耳-in,211,46
粉丝-in,600,136
手抓饼-in,4,2
鲈鱼-in,59,8
菠菜丸-in,5,1
香蕉-in,105,29
猪腰-in,20,3
大炒崂山鸡-in,1,1
崂山鸡-in,6,1
蛤蜊-in,321,61
鲜面筋-in,4,1
章鱼-in,25,7
小黄鱼-in,14,4
酱料类-in,13,7
菲力牛扒-in,1,1
圣女果-in,473,180
面包-in,491,121
西葫芦-in,147,29
腰果-in,88,17
菱角-in,8,1
梨-in,104,28
米线-in,62,19
肥牛-in,187,34
孜然-in,21,11
鸡腿肉-in,234,37
金桔-in,35,12
空心菜-in,11,3
蒜蓉-in,56,10
蚬子-in,36,4
肉联红肠-in,2,1
酱料-in,93,23
风干肠-in,13,3
青瓜汁-in,1,1
黑糖-in,31,5
肥羊卷-in,7,1
芝士-in,416,105
地瓜片-in,9,3
白果-in,26,4
西瓜-in,281,96
巴旦木-in,29,3
山楂条-in,8,2
冰糖-in,4,2
肉卷-in,23,4
羊肉-in,404,72
辣椒面-in,88,19
粗薯条-in,2,1
鱼肉卷-in,8,2
豆皮鸡肉卷-in,6,1
爆米花-in,65,18
杨梅-in,13,3
日式蟹柳-in,3,1
葡萄干-in,145,35
配料-in,9,6
豆芽-in,553,173
甲鱼-in,13,2
莲子-in,53,15
乌鸡卷-in,45,13
葡萄-in,240,49
羊蝎子-in,33,6
雷公山木耳-in,10,1
卷心菜-in,252,31
黄山鱼-in,2,1
肥牛券-in,9,1
巧克力威化-in,6,2
无花果干-in,2,1
核桃-in,96,20
鳗鱼肉-in,6,3
辣白菜-in,137,63
萝卜-in,558,165
莴笋-in,177,32
鹅肉-in,38,6
仔鲢鱼-in,1,1
地锅馍-in,10,1
绿尖椒-in,12,2
鲤鱼-in,67,6
法塔-in,3,1
菜品-in,72,19
番石榴-in,22,3
撒尿牛丸-in,114,26
花生片-in,4,1
石榴-in,14,5
调料包-in,1,1
冰淇淋-in,50,16
海苔碎-in,14,2
橘子-in,263,83
花椒芽-in,6,1
板鸭-in,6,1
青辣椒-in,177,24
走地鸡-in,13,2
翘嘴白-in,1,1
蟹肉-in,27,7
鸡翅根-in,24,4
辣酱-in,5,4
调料-in,13,6
豆子-in,334,60
糯米-in,223,26
蛋饺-in,44,15
豆角-in,302,55
肉末-in,152,19
庄园肥牛-in,13,1
面筋-in,156,35
三文鱼-in,218,61
木瓜-in,77,16
盐-in,33,9
汉堡饼-in,2,1
芒果珍珠-in,5,1
马蹄糕-in,4,1
带骨眼肉牛排-in,1,1
果酱-in,55,14
山药-in,358,82
蟹黄-in,50,7
紫菜-in,424,56
扁豆-in,65,10
乌鱼花-in,23,1
柠檬片-in,14,7
圆刺身-in,18,1
菜花-in,224,41
带骨牛排-in,1,1
带鱼-in,37,9
竹鸡肉-in,9,1
上脑肥牛-in,5,1
鲫鱼-in,48,12
炸物-in,3,1
椰子-in,147,26
咖啡伴侣-in,1,1
鹅肝-in,16,3
鱼籽酱-in,28,5
黄金糕-in,2,1
油麦菜-in,38,8
红糖-in,69,15
饼干-in,237,57
芥末-in,17,9
肉片-in,108,11
车厘子-in,37,10
牛里脊-in,35,3
毛豆-in,221,28
黑毛肚-in,2,1
燕窝-in,4,2
食材-in,173,56
牛小排-in,66,14
后腿肉-in,3,1
牛肉--in,9,1
黄豆--in,21,1
芝麻--in,10,1
辣椒--in,12,1
小丸子-in,3,1
丝瓜-in,60,11
巧克力豆-in,3,1
杨桃-in,7,5
饭包肉丸-in,4,1
肉蒸饺-in,12,1
辣椒酱-in,27,9
皮带面-in,4,2
大闸蟹-in,11,3
小米椒-in,224,33
紫薯条-in,5,1
地瓜干-in,9,2
千页豆腐-in,21,5
牛肾-in,6,1
奥利奥碎-in,5,1
杏仁-in,146,18
苹果-in,256,58
柴鸡-in,16,1
肉酱-in,37,11
意大利面-in,63,5
香料类-in,11,4
豌豆-in,301,47
松花蛋-in,193,21
凤梨酱-in,1,1
清远土鸡-in,13,1
猪血-in,38,3
榴莲-in,79,15
谷麦制品-in,19,5
奥尔良烤翅-in,7,2
藕丸-in,22,2
冰激凌-in,17,9
香菇猪肉水饺-in,4,1
叉烧-in,23,5
豌豆尖-in,20,5
抹茶-in,19,5
竹笋-in,48,10
牛三鲜-in,18,1
海藻-in,16,4
牛眼肉-in,2,1
饼子-in,22,2
白萝卜-in,127,24
干豆腐-in,56,9
双皮奶-in,2,2
蒸蛋-in,5,1
香油-in,2,2
鸭舌-in,18,4
猪耳朵-in,85,13
白椒-in,20,2
花蛤-in,188,39
海鲜-in,86,25
螺类-in,42,5
虾仁滑-in,2,1
卜卜贝-in,14,1
排骨-in,416,71
薏米-in,27,7
海螺-in,57,15
三丝意粉-in,1,1
意粉-in,7,1
牛肉咖喱饭套餐-in,1,1
冰块-in,39,13
梅林午餐肉-in,5,1
鸡扒-in,2,2
黑加仑子-in,11,1
西芹-in,50,12
蛋-in,35,6
黑糖珍珠-in,13,2
筒骨-in,38,6
香芋-in,49,10
兔肉-in,86,6
尖椒-in,101,12
肉松-in,164,31
豆豉-in,30,8
酸豆角-in,35,8
鲷鱼-in,13,3
生蚝-in,326,79
食用金箔-in,87,10
芝麻酱-in,51,14
苦菊-in,65,26
鸡汁-in,2,1
全贝-in,14,1
冷面-in,7,2
鹅-in,6,2
板栗-in,98,18
千层肚-in,8,3
来凤鱼-in,4,1
锅巴-in,23,8
苦瓜-in,116,11
意大利生菜-in,5,1
冻干水果碎-in,8,1
梅肉-in,12,6
胡椒-in,4,1
腊肠-in,204,36
鸡亦-in,2,1
紫甘蓝-in,320,69
豆腐干-in,285,29
皮皮虾-in,43,16
地瓜-in,78,25
鸡锁骨-in,3,1
西柚-in,21,6
鲜椒-in,3,1
鸭肠-in,141,61
西米露-in,54,4
千丝-in,4,3
响铃-in,5,3
土豆粉-in,38,8
大黄鱼-in,1,1
药材-in,22,3
坚果-in,40,11
牛肋骨-in,11,2
猪类制品-in,146,30
酸辣粉-in,8,3
大料-in,10,5
牦牛-in,6,1
新疆大串-in,6,1
雪菜-in,78,6
手工鲜面-in,1,1
猪蹄-in,90,19
蛏子-in,68,14
松茸-in,5,1
香草冰淇淋-in,1,1
黑珍珠-in,4,1
白砂糖-in,48,8
鮰鱼-in,34,4
仙草-in,69,7
西谷米-in,147,10
甘蓝-in,41,6
羊肚-in,28,3
咖喱-in,24,8
南瓜-in,177,39
狗肘-in,1,1
香菜根-in,8,1
金沙虾-in,8,1
紫苏-in,6,4
羊杂-in,21,3
萝卜干-in,29,5
豇豆-in,95,8
猪杂-in,28,4
小鱼干-in,7,1
香料-in,11,2
鱼饼-in,17,4
虾棒-in,5,3
牛油果-in,10,7
牛百叶-in,24,2
mm豆-in,13,1
黄颡鱼-in,11,1
苋菜-in,64,16
豆腐泡-in,18,5
彩Q片-in,7,2
五指毛桃-in,9,1
天目湖鱼-in,1,1
面皮-in,18,8
麦黄金-in,2,1
脆皮饺-in,2,1
羊小肋-in,15,1
栀子-in,1,1
草果-in,3,3
凉面-in,11,2
黄贡椒-in,17,5
肉眼扒-in,1,1
猪颈肉-in,16,4
牛头-in,6,1
田螺-in,71,11
芹菜猪肉饺-in,3,1
青豆苗-in,1,1
清豆苗-in,1,1
白切鸡-in,10,4
绿豆-in,107,15
鸡头-in,6,1
酸奶-in,123,16
河鲢-in,15,1
芒果爆爆蛋-in,2,1
面包糠-in,66,13
血鸭-in,10,1
黑葡萄-in,2,1
松子-in,44,4
鸡小肉-in,8,1
饹渣-in,12,1
葫芦卜-in,4,1
海蜇头-in,20,2
胡须鸡-in,2,1
熏肉-in,9,2
白凤乌鸡-in,26,1
鸭血-in,218,63
坚果碎-in,39,5
手撕鸭-in,9,1
波浪薯条-in,5,1
冰沙-in,6,2
鸡米花-in,78,13
黑豆腐-in,13,2
甜筒-in,4,2
面藕-in,21,2
圆生菜-in,8,2
奥利奥饼干-in,21,5
黑牛肉-in,11,1
新疆灰枣-in,9,1
沙白芋-in,10,1
沙虾-in,12,2
特小猪肉-in,2,1
狮子头-in,4,2
河蚌-in,10,3
腊肉-in,198,26
苕粉条-in,6,1
藕片-in,70,16
金针菇--in,2,1
粉-in,161,45
榨菜-in,69,11
蒜台-in,56,3
香脆肠-in,4,1
桃-in,20,9
百香果-in,43,17
蛋花皮冻-in,3,1
白切生态土鸡-in,5,1
香叶-in,29,15
鸡骨-in,2,1
蟹腿-in,4,2
夏威夷果-in,2,1
泥鳅-in,4,1
油渣-in,4,1
茄汁猪扒饭-in,1,1
粗粉-in,3,1
虾条-in,6,1
豚颈肉-in,4,1
猪尾巴-in,4,1
手工面-in,6,3
雪桃-in,13,1
蒸饺-in,21,4
青斑鱼-in,8,1
梅花肉-in,3,2
藜麦-in,42,4
手切肉-in,2,1
蒜末-in,154,20
鳕鱼-in,25,5
曲奇饼干-in,3,1
梅菜-in,12,6
精品羊肉-in,5,1
芋头-in,84,15
多春鱼-in,4,1
牛仔骨-in,11,2
面线虾-in,6,1
小洋葱-in,1,1
小包子-in,1,1
芥菜-in,112,16
黑豆-in,22,4
鸡叉骨-in,12,1
肠头-in,10,1
明虾-in,3,1
鲮鱼-in,2,2
鸡蛋皮-in,11,1
蓝莓酱-in,60,10
白火龙果-in,28,4
红火龙果-in,11,2
玫瑰花-in,25,7
手擀面-in,3,2
草莓酱-in,6,2
乳制品-in,1,1
河蚬-in,9,2
芒鱼-in,43,5
青花椒-in,27,8
腊味-in,5,1
荷兰豆-in,104,11
臭干-in,28,2
驴肉-in,34,3
火烧-in,3,1
芥兰-in,3,2
培根卷-in,1,1
猪头肉-in,28,3
黄牛-in,12,1
笋丝-in,14,3
军舰寿司-in,4,1
小青菜-in,20,3
紫薯-in,133,25
酸笋-in,17,6
辣子鸡-in,8,1
鸡架-in,14,1
沙参-in,7,1
柚子-in,41,17
大茴-in,3,1
狗-in,24,3
黄瓜片-in,3,2
鸭掌-in,36,13
碧根果-in,3,2
蘸酱-in,6,5
精肉火腿-in,2,1
香菇贡丸-in,4,1
基围虾-in,41,6
甜品-in,56,15
羊肚菌-in,10,2
三鲜馅饼-in,1,1
鸡脖-in,9,2
鸡翅尖-in,5,1
骨肉相连-in,5,2
小酥肉-in,48,12
蟹肉棒-in,27,10
牛蹄筋-in,10,3
虾滑-in,163,36
豚鱼-in,5,1
鸭胸肉-in,4,1
面包胚-in,4,2
黄瓜卜-in,5,1
月牙脆-in,2,1
甜菜-in,7,2
黄豆皮-in,3,2
蛋卷-in,4,2
珍珠斑-in,5,1
山楂-in,121,21
鲜虾丸-in,9,1
红薯-in,152,34
茴香-in,13,5
烤五花肉-in,1,1
鸭架-in,8,3
螺旋意面-in,10,1
墨鱼丝-in,11,1
鸭腿-in,10,3
奶盖-in,3,3
多宝鱼-in,4,3
冬菇-in,13,6
西洋参-in,2,1
甜食-in,2,1
莜麦-in,3,1
雪花鸡柳-in,3,1
饺子皮-in,10,2
掌翅-in,5,1
威化饼-in,5,1
白切鹅-in,4,1
猪粉肠-in,2,1
鹅肉片-in,4,1
厚土司-in,3,1
拉面-in,14,4
蚕豆-in,49,5
水库肥鱼头-in,5,1
冬虫夏草-in,79,4
天目湖野生鱼-in,1,1
孜然粒-in,2,1
嫩牛肉-in,9,4
牛心菜-in,14,2
冰粉-in,47,14
羔羊卷-in,10,3
干贝-in,16,4
红烧肉-in,32,3
树莓-in,6,1
无花果-in,13,4
南瓜子-in,3,1
白玉萝卜-in,3,1
苦苣-in,13,4
鹅肠-in,4,2
肥羊-in,8,1
鸡蛋面条-in,1,1
面疙瘩-in,22,3
酸萝卜-in,19,4
燕麦-in,35,9
鸡杂-in,28,2
蜜桃-in,2,1
桃汁-in,1,1
石蛋-in,15,1
烧仙草-in,43,9
盐菜-in,6,1
冻干草莓碎-in,16,1
冻干草莓干-in,5,1
百事可乐-in,1,1
肉圆-in,7,1
胡萝卜面条-in,1,1
菠菜面条-in,1,1
琵琶鸭-in,8,1
湘西鱼王-in,4,1
亲亲肠-in,18,6
包心贡丸-in,10,1
酱鸭-in,12,2
海鲜鱼-in,1,1
冰-in,17,4
面饼-in,60,12
黑鱼-in,18,3
煎饼-in,3,1
担担面-in,3,2
牛腱子-in,8,3
海带扣-in,2,1
金枪鱼-in,42,7
裙带菜-in,29,13
鸡腿排-in,2,1
干四季豆-in,6,1
馒头片-in,6,1
菊花-in,34,10
萝卜皮-in,2,1
杂碎-in,7,1
米果-in,2,1
星鳗卷-in,2,1
油豆腐-in,19,6
炸鸡腿-in,5,3
黑牛百叶-in,10,1
魔芋-in,92,17
紫米-in,27,4
黄蘑菇-in,1,1
红米-in,12,1
海南东山羊肉-in,1,1
小公鸡-in,7,1
河粉-in,57,10
竹荪-in,14,3
烤肉-in,38,8
烧烤料-in,4,2
龙利鱼排-in,6,1
肉串-in,28,10
罗马生菜-in,5,1
面包碎-in,17,1
秋刀鱼-in,5,3
蟹子酱-in,3,1
茶树菇-in,11,3
小米-in,12,3
深水虾-in,3,1
护心肉-in,4,1
黑蘑菇-in,3,1
乌龙茶叶-in,1,1
南韩肠-in,5,1
鳗鱼-in,44,8
烧鸭-in,7,1
沙棘果-in,8,1
囡囡菜-in,14,1
红茶-in,1,1
小麦-in,14,2
河虾-in,83,6
九节虾-in,19,1
小螃蟹-in,3,1
牛棒骨-in,3,1
凤尾虾-in,4,1
芝士年糕-in,4,1
鸭胗-in,30,1
肚丝-in,4,1
公鸡-in,24,1
饺子-in,60,9
冻芋-in,4,1
海蜇-in,17,4
羊肋卷-in,6,1
黄辣椒-in,1,1
鸡尖-in,3,1
猪皮-in,37,9
马冈鹅-in,6,1
三代子-in,5,1
麻酱汁-in,2,1
豇豆煎蛋饼-in,8,1
自制午餐肉-in,2,1
黄瓜丝-in,16,9
蔓越莓-in,239,17
青萝卜-in,13,3
银鳕鱼-in,3,2
冬瓜素馅饺-in,6,1
牛奶-in,47,13
锅包肉-in,10,2
腾菜-in,3,1
五彩椒-in,29,9
孜然粉-in,7,3
奶酪-in,98,13
清新柠檬饼干-in,2,1
玛格丽特饼干-in,3,1
奥利奥饼干粉-in,1,1
五香豆腐-in,5,1
巴旦木椰奶糖-in,9,1
刺五加叶鸡蛋馅煎饺-in,3,1
咸蛋黄饼干-in,2,1
黄花菜-in,25,6
樱桃小萝卜-in,8,1
奶昔酱-in,3,1
溶豆-in,13,3
食用油-in,33,1
黄柿子-in,7,1
红柿子-in,3,1
芦笋-in,104,14
胡萝卜丝-in,49,4
鸭蛋-in,62,9
肉螺-in,2,1
麻辣豆豉-in,13,1
蒜沫-in,26,1
蔓越莓干-in,107,4
台式小香肠-in,1,1
百里香-in,11,2
香菜末-in,69,6
小虾米-in,4,1
百香果果酱-in,2,1
豆制品-in,28,3
酒酿糟黄鱼-in,20,1
黑米-in,31,9
蛋黄肉松馅-in,1,1
蜂蜜芥末味沙拉酱-in,5,1
黄山毛峰-in,11,1
番茄沙司-in,14,3
蛋白糖-in,12,1
鬼头-in,5,1
岭南酥蛋挞皮-in,51,1
虾饺-in,32,12
苔菜-in,12,2
桂圆肉干-in,15,1
紫芋-in,7,1
椰粉-in,2,1
蛋糕坯-in,11,1
百香果蜜-in,27,1
薄荷叶子-in,5,1
红辣椒圈-in,2,1
青辣椒圈-in,2,1
口蘑-in,36,15
白土司-in,9,1
香肠片-in,2,1
贻贝-in,19,8
面筋果-in,6,1
辣椒碎-in,5,1
绿茶-in,11,2
鸡翅中-in,19,4
大根-in,5,1
香椿-in,26,4
箬竹叶-in,6,1
饼底-in,6,1
蛋糊-in,2,1
蜂蜜炼乳-in,1,1
泡椒丝-in,1,1
对虾-in,3,1
生豆芽菜-in,17,1
沙拉菜-in,17,1
猪骨-in,10,4
龙骨-in,29,8
白豆腐块-in,9,1
酱瓜-in,15,1
红萝卜-in,47,8
姜块-in,3,2
番薯饼-in,4,1
黄桃酱-in,3,1
碎肉末-in,10,1
塘好菜-in,11,1
桂圆干-in,1,1
海胆-in,52,8
蛋羹-in,8,1
老干妈-in,3,3
酱油类-in,2,2
米皮-in,6,1
回锅肉-in,5,1
蝴蝶面-in,3,2
海虾-in,26,4
牛肝菌-in,3,2
河蟹-in,1,1
茶叶-in,16,5
野山椒-in,5,1
火龙果奶昔-in,1,1
乳品-in,1,1
鸡毛菜-in,3,1
咸鸭蛋-in,18,3
豆沙馅-in,8,2
炸素丸子-in,8,1
小圆子-in,38,2
黑豆豉-in,15,2
猪腿肉-in,5,1
蔬菜丝-in,2,1
孔雀松-in,1,1
胡萝卜香葱鸡蛋煎饼-in,4,1
鱼腥草-in,53,5
乌冬面-in,1,1
下饭菜-in,2,2
凤螺-in,19,2
洋葱圈-in,21,9
薯片-in,38,17
金鲳鱼-in,5,1
松果-in,2,1
虾皮-in,41,8
油炸肉皮-in,2,1
南瓜条-in,3,1
面糊-in,34,4
羊腿-in,10,3
香菜杆-in,16,2
香葱花-in,1,1
土豆条-in,10,1
南瓜炸糕-in,8,1
羊肠衣-in,4,1
糯米丸子-in,11,2
果脯-in,3,1
蛋挞液-in,31,2
巧克力燕麦能量球-in,19,1
彩色小糖粒-in,4,1
干尖椒-in,3,1
羊奶芝士球-in,1,1
帕尔玛火腿-in,3,1
羊奶奶酪-in,2,1
土豆丁-in,13,2
平菇丁-in,1,1
香肠丁-in,1,1
桂花-in,102,13
小元宵-in,7,1
白熟芝麻-in,1,1
小葱碎-in,5,1
糖粉-in,16,3
南瓜面糊-in,14,1
紫薯面糊-in,7,1
豆皮结-in,10,1
黑芝麻球-in,7,1
牛轧-in,11,1
葱末-in,55,4
小葱段-in,12,1
肉沫臊子-in,3,1
牛肉干笋臊子-in,8,1
羊肋排-in,7,1
鱼鳞冻-in,13,1
鸡胗-in,44,8
豆瓣菜-in,10,1
泰式甜辣酱-in,10,2
牡蛎-in,8,2
花卉-in,4,1
石斑鱼-in,12,4
梭子蟹-in,28,7
扁芸豆-in,7,1
马兰草-in,30,8
香菜碎-in,24,2
大萝卜-in,6,1
牛骨-in,10,2
荆芥-in,15,2
莳萝-in,5,2
辣椒丝-in,12,3
菜干-in,11,1
香瓜-in,23,5
干笋丝-in,10,1
脆皮花生-in,7,1
洋葱条-in,3,1
大蒜末-in,28,3
即食汤圆-in,12,1
奶油巧克力酱-in,7,1
孔明菜-in,17,1
花生素肉-in,23,1
香葱碎-in,10,1
荔浦芋头-in,14,1
桂鱼-in,9,2
芝士碎-in,26,5
核桃芝麻球-in,11,1
燕麦片-in,13,1
抹茶巧克力丁-in,12,1
蒜泥-in,54,13
辣椒油-in,10,3
杭椒-in,18,3
红椒片-in,3,1
芹菜段-in,8,2
桂皮-in,3,2
覆盆子水果软糖-in,2,1
生花生-in,10,1
馒头猪肉丸子-in,4,1
小溪鱼-in,17,1
烩面-in,13,1
安康鱼干-in,6,1
辣辣-in,2,1
内酯豆腐-in,42,3
青花-in,1,1
水煎包-in,1,1
扫帚菜-in,4,1
荔枝-in,30,5
冬笋-in,47,7
蒜叶-in,60,6
荠菜-in,26,3
肉糜-in,16,3
扁桃果-in,8,1
彩色水饺-in,4,1
韭菜虾仁饺子-in,6,1
豆腿沙-in,1,1
云豆-in,4,1
白云豆-in,3,1
干炸麻叶-in,4,1
挂霜花生-in,7,1
酥炸鸡柳-in,3,1
糟菜-in,9,1
海盐-in,3,1
霉干菜-in,3,1
咸芥菜-in,5,1
红椒丁-in,11,1
红培根-in,7,1
麻辣肠-in,21,2
鸡蛋灌饼-in,2,1
塌目鱼-in,3,1
咖啡豆-in,5,1
布朗尼-in,6,1
墨汁面-in,1,1
奶酪粉-in,2,1
比目鱼-in,10,3
乳黄瓜-in,6,2
面条菜-in,1,1
湿笋-in,4,1
冰糖柠檬膏-in,1,1
果仁碎-in,8,1
巧克力酱-in,28,2
山药苹果糊-in,4,1
奶粉-in,3,1
糖珠-in,17,3
巧克力奶油-in,5,1
香椿嫩芽-in,4,1
黑芝麻汤圆馅-in,1,1
春卷皮-in,3,1
牛心肉-in,5,1
青菜苔-in,4,1
巧克力豆豆-in,3,1
生火腿-in,2,1
白汁-in,2,1
武昌鱼-in,3,1
紫薯粉-in,1,1
木耳丝-in,19,1
干辣椒段-in,5,1
芸豆-in,5,2
焖子-in,2,1
小肋排骨-in,6,1
菠萝片-in,5,1
栗蓉-in,1,1
海白-in,1,1
胖大海-in,5,1
甘草-in,8,2
贡菜-in,44,5
椒盐-in,9,2
麻鲢-in,27,1
鱼板-in,4,1
鱼圆-in,2,1
烤肠片-in,8,1
油炸花生米-in,3,1
面筋泡-in,5,1
翻饺-in,2,1
椒盐芝麻馅-in,1,1
蛋皮-in,2,1
维格肉松-in,6,1
海鲜菇-in,26,5
大蒜-in,54,20
芦蒿-in,36,1
蛋挞皮-in,22,1
奶油杏仁馅-in,24,1
玉子豆腐-in,70,3
巴西里末-in,19,1
空心面-in,29,1
人参菜-in,5,1
鸽子-in,29,4
瓜-in,22,10
粉肠-in,7,3
燕麦谷物脆-in,6,1
面包片-in,12,2
人工菌-in,16,1
松板肉-in,5,1
尖辣椒-in,3,1
花椒粒-in,20,3
罗勒-in,7,1
香蕉丸-in,2,1
龙口粉丝-in,12,1
小红辣椒-in,5,1
腐乳-in,5,1
结椒丝-in,4,1
意大利面肉酱-in,5,1
披萨底饼-in,13,1
咸菜-in,48,9
苦笋-in,8,1
芝士片-in,12,2
臭豆干-in,2,1
乌鸡-in,13,3
还裙带-in,5,1
栗子扭扭酥-in,4,1
通草-in,11,1
根须-in,3,2
牛尾-in,7,3
绿萝卜-in,6,1
翡翠粉皮-in,2,1
荷包蛋-in,13,3
心里美萝卜-in,8,1
黄彩椒-in,11,2
圆子-in,3,1
苹果片-in,1,1
鳄梨片-in,1,1
芝麻菜-in,1,1
花蟹-in,3,1
南瓜仁-in,10,1
奕霖曲奇-in,2,1
东坡肉-in,1,1
豆腐条-in,1,1
玉米粥-in,3,1
煲猪心汤-in,1,1
猪心-in,7,2
鱼排-in,3,2
鸭脖-in,29,8
辣-in,3,1
鸡蛋饼-in,7,2
椰蓉粉-in,2,1
榛子-in,4,1
鲤鱼菜-in,1,1
红玫瑰小面包-in,7,1
海蛎子萝卜丝猪肉水饺-in,3,1
汉堡包皮-in,1,1
紫薯花生汤圆-in,5,1
糙皮侧耳菇-in,2,1
王平菇-in,8,1
麻椒-in,6,1
肉脂豆腐-in,11,1
红尖椒-in,24,3
香葱曲奇-in,7,1
奇异果片-in,6,1
白糯米-in,16,1
五香什锦丸子-in,5,1
线椒-in,25,3
南瓜鲜虾肉末饺子-in,10,1
小鸡腿-in,4,2
卤猪肉-in,20,1
猪肥肠-in,23,1
紫背菜-in,26,1
红干椒-in,4,1
小红椒-in,15,3
薄豆腐皮-in,6,1
五花白肉-in,4,1
猴头菇-in,5,1
番薯叶梗-in,12,1
派皮-in,12,1
苹果馅-in,8,1
鸵鸟肉馅烫面蒸饺-in,2,1
荞麦饼-in,21,1
荠菜鲜肉水饺-in,10,1
猪耳朵片-in,27,1
山药泥-in,2,1
带芯红莲子-in,2,1
丑耳-in,3,1
鳕鱼米饭饼-in,2,1
扁尖-in,10,1
黄金蒜-in,1,1
烟熏味腊五花-in,9,1
龙利鱼干-in,7,1
南瓜糯米球-in,18,1
青鱼-in,5,1
鸡蛋液-in,27,8
挂面-in,23,4
台湾烤肠-in,8,1
青豆粒-in,7,1
芽菜肉末-in,2,1
白笋-in,42,3
响螺片-in,5,1
玉竹-in,8,1
生菜丝-in,24,1
鱼皮-in,71,20
雪花山楂-in,5,1
猪肉鲜菇水饺-in,24,1
特色糯米糍-in,6,1
苤蓝-in,24,1
泰国香米-in,25,1
韭黄-in,8,1
蕃茄沙司-in,3,1
小米椒碎末-in,10,1
党参-in,3,2
茵陈黑面馍-in,5,1
肉松软饼-in,4,1
奶香玉米饼-in,2,1
藜麦饭-in,1,1
塔菜-in,6,1
葱绿-in,9,1
汉堡面包胚-in,6,1
红色鸡排-in,5,1
核桃仁碎-in,10,1
烤香蕉-in,3,1
麻酱料-in,1,1
钢丝面-in,3,1
红李子-in,2,1
果子-in,7,1
吊瓜-in,5,1
雷瓜-in,3,1
带子-in,2,1
李桃-in,1,1
甜酒-in,4,1
西瓜皮-in,11,2
青蒜叶-in,3,1
干豆腐丝-in,5,1
鸡心-in,4,1
千层豆腐-in,4,2
蕨菜-in,7,1
月牙骨-in,9,2
QQ糖-in,6,1
糖针-in,13,2
墨鱼-in,14,2
榨菜丝-in,6,1
螺纹粉-in,19,1
菠萝蜜-in,5,2
桑寄生-in,2,1
馅卷-in,6,1
小菜-in,15,7
蛋花-in,11,1
干玫瑰花瓣-in,11,1
抹茶巧克力-in,17,1
手抓饼皮-in,52,1
马里苏奶酪碎-in,15,1
青蒜苗-in,37,3
虾酱-in,16,1
扣子菜-in,11,1
前夹心肉-in,6,1
金银蒜-in,11,1
面团-in,4,1
手工可可蛋卷-in,5,1
磨牙棒-in,2,1
前腿肉-in,8,1
荠菜煎饺-in,6,1
银鱼-in,4,2
肉枣肠-in,10,1
红辣椒末-in,23,1
鳜鱼-in,15,1
韩国辣酱-in,1,1
蕨菜干-in,2,1
溏心鸡蛋-in,2,1
白肉-in,4,1
炒饭-in,1,1
紫菜饭团-in,4,1
三黄鸡-in,6,2
红彩椒-in,1,1
五香豆片-in,2,1
芹菜尖（叶）-in,5,1
泡辣椒-in,5,1
红枣碎-in,2,1
熟豌豆-in,17,1
马苏里拉芝士碎-in,16,1
猪后肘-in,2,1
草鱼肉片-in,2,1
地瓜粉疙瘩-in,3,1
鱼肠-in,5,1
树莓蓝莓-in,2,1
粽叶-in,16,2
益母草-in,2,1
儿菜-in,1,1
蒲公英-in,4,1
芥菜叶-in,7,1
芥菜梗-in,12,1
蒲瓜-in,3,1
韭菜面片-in,3,1
荞麦面-in,37,2
奥利奥饼干屑-in,4,1
糖霜-in,3,2
卤虾酱-in,4,1
小羊腿-in,2,1
提子干-in,8,1
四色杂粮-in,8,1
干椒丝-in,18,1
茶类-in,33,2
内脂豆腐-in,12,1
青条鱼-in,10,1
花心萝卜-in,16,1
马兰-in,67,2
杂蔬丁-in,34,1
绿川椒-in,20,1
小河虾-in,9,1
馄饨皮-in,7,1
芋泥-in,18,4
橙子皮-in,8,1
丝瓜尖-in,22,1
鸭翅-in,20,8
干鱼籽-in,4,1
奶白菜-in,22,1
红椒丝-in,16,2
红萝卜粒-in,10,1
碎牛肉-in,9,1
小青瓜-in,10,1
肥牛肉片-in,12,1
番茄皮-in,1,1
燕麦粉-in,36,4
蒜瓣-in,18,6
马苏里拉芝士-in,47,2
波士顿龙虾-in,2,1
白菜芯-in,14,1
长芥菜-in,12,1
合欢-in,3,1
水萝卜-in,26,2
干黄贡椒-in,21,1
鸡蛋酱-in,1,1
小红尖椒-in,1,1
飘儿菜-in,2,1
肉脯-in,5,1
狗脊叶-in,24,1
黑芝麻酱-in,13,1
莴笋叶-in,25,2
扫帚苗-in,26,1
淡菜-in,17,1
白虾米-in,38,1
春笋-in,36,2
烟薰腊肉-in,13,1
炸鲜奶-in,3,1
猪心包-in,17,1
包心鱼卷-in,10,5
香酥腰果-in,10,1
藜麦贝果-in,7,1
迷迭香-in,1,1
脆皮鸡翅-in,6,1
芋丸片-in,7,1
红薯糯米球-in,6,1
花生酱-in,5,1
海青-in,14,2
奶酥曲奇-in,13,1
红丝绒戚风蛋糕胚-in,7,1
嘎嘣虾-in,11,1
黄花鱼块-in,11,1
油煎鸡腿-in,2,1
腊八豆-in,9,1
黑椒汁-in,3,2
龙头烤-in,4,1
豆腐果-in,2,1
菠萝丁-in,2,2
高粉-in,3,1
葫萝卜-in,2,1
抹茶糊-in,4,1
南瓜芋圆-in,2,1
芋头芋圆-in,2,1
卷粉-in,8,1
桃胶-in,9,2
明太鱼干-in,2,1
馍丁-in,1,1
剁椒酱菜-in,1,1
大饼-in,3,1
猪肘-in,2,1
苦瓜酿红枣-in,1,1
紫土豆-in,4,1
海鲜酱-in,1,1
卷饼-in,7,3
香椿芽-in,2,1
番茄汁-in,1,1
橙汁-in,3,2
水粉-in,1,1
猪里脊-in,26,2
钱排三华李-in,2,1
干欧芹叶-in,30,1
白萝卜猪肉馅-in,3,1
紫茄子-in,18,1
芹菜叶-in,23,2
泡海椒-in,11,1
南极磷虾-in,7,1
干海参-in,3,1
大海虾-in,7,1
鸭杂-in,42,2
青椒丝-in,28,1
奶酪丝-in,13,1
大甜椒-in,22,1
青虾仁-in,10,1
野蒜-in,4,1
三口山生燕燕窝-in,4,1
果干-in,18,1
黑巧克力-in,28,2
鲳鱼-in,7,2
红小豆-in,17,1
沙粒-in,3,1
炼乳-in,2,1
黄瓜干-in,17,1
大紫茄子-in,25,1
丘比果酱-in,3,1
大黄米-in,19,1
金莎巧克力-in,3,1
绿葡萄-in,3,1
栗子奶油-in,16,1
蒿子秆-in,4,1
土豆瘦肉泥-in,5,1
鱿鱼干-in,3,1
玉米面条-in,2,1
豆皮卷-in,3,1
五香豆腐丝-in,22,1
小饼干-in,4,2
莜面窝窝-in,2,1
虾爬子-in,2,1
咖喱叶-in,6,1
糯米饼-in,2,1
青笋丁-in,7,1
RIO-in,1,1
酥皮-in,27,3
樱花馅-in,1,1
紫甘蓝叶子-in,10,1
生菜叶子-in,11,1
蒜苗段-in,2,1
生燕麦片-in,7,1
散子-in,2,1
山核桃仁-in,5,1
柳叶饺-in,3,1
水淀粉-in,1,1
黄秧白菜-in,1,1
牛肉抄手-in,5,1
鳝鱼丝-in,3,1
鲟鱼-in,9,1
柚子汁-in,1,1
蜜瓜-in,3,1
长辣椒-in,11,1
小火腿-in,4,1
飞饼-in,1,1
枣香双豆浆-in,1,1
白米饭-in,5,1
蜜汁煎烧鱼-in,1,1
柠檬叶-in,4,2
蕃薯叶-in,3,1
羊腿肉-in,25,2
柳叶包-in,1,1
百灵菇-in,3,1
蓝莓泥-in,9,1
龟苓膏-in,11,4
鹅血-in,3,1
宽面-in,4,1
洋茴香-in,2,1
馅料-in,6,3
油面筋塞肉-in,7,1
鸭心-in,5,1
火腿肠馒头-in,1,1
汤汁-in,2,1
牙签肉-in,5,2
虫草花开-in,5,1
蒜片-in,3,3
羊腰窝肉-in,1,1
柴鱼片-in,14,3
蜜豆沙-in,9,1
瓜皮-in,2,1
自制干果阿胶-in,3,1
米椒-in,3,1
酸辣椒-in,3,1
黑松露酱-in,8,1
玫瑰酱-in,5,1
豆馅-in,1,1
南瓜饼-in,1,1
土豆块-in,4,1
莲子百合-in,2,1
细挂面-in,5,1
桑葚干-in,3,1
辛拉面-in,1,1
辣椒粉-in,1,1
木芋粉-in,1,1
萝卜糕-in,4,2
百叶包肉-in,8,1
小葱叶子-in,2,1
青豌豆-in,39,2
蛏干-in,2,2
羊蹄-in,7,2
酥粒-in,3,1
黑椒酱-in,10,2
节瓜-in,7,1
糯米草莓-in,6,1
心里美-in,6,1
熟肉-in,3,1
老排-in,11,1
肉丸子-in,1,1
美白菇-in,6,1
小青柠-in,10,1
香水柠檬-in,4,1
莴笋片-in,8,2
胡萝卜片-in,5,1
金蝉-in,8,1
卤猪肚-in,11,1
耐高温巧克力粒-in,12,1
青葱沫-in,7,1
香蒜沫-in,2,1
艾叶-in,1,1
冬瓜块-in,4,1
鲶鱼-in,7,1
花鸽-in,7,1
蜂蜜-in,2,1
小香芹-in,10,1
糖桂花-in,20,2
欧克皮面团-in,8,1
藕块-in,4,1
莴笋嫩尖-in,8,1
鲜香椿-in,8,1
脆香美国大杏仁者-in,2,1
小南瓜-in,11,1
火腿丁-in,10,1
油酥饼-in,4,1
香葱段-in,9,1
蒜粒-in,22,3
小咸菜-in,13,1
苦菜-in,8,1
碗粿-in,7,1
蛋黄小饼干-in,4,1
鲜莲子-in,3,1
清补凉材料-in,7,1
二米-in,1,1
橄榄油-in,14,1
干辣椒节-in,4,1
黄蘑-in,1,1
姬松茸-in,4,1
花生肉粽-in,9,1
泡菜萝卜-in,8,1
水果麦片-in,3,1
清蒸龙利鱼条-in,1,1
长豆角-in,11,1
车仔面-in,13,1
空心菜梗-in,17,1
芥蓝-in,7,1
团子-in,10,1
糯米糕-in,13,2
韩国年糕-in,7,1
蒜青-in,4,1
甜红椒-in,4,1
高安尖椒-in,7,1
六月黄炒年糕-in,1,1
六月黄-in,7,1
宁波年糕-in,5,1
意面酱-in,3,1
热狗-in,8,1
青豆角-in,5,1
湿粉-in,9,1
红酒-in,5,1
长瓜-in,8,1
虾炒-in,10,1
乌梅-in,2,1
猪肉鸡蛋卷-in,6,1
血肠-in,7,1
牛通脊-in,7,1
熟土豆-in,5,1
扎儿根-in,5,1
柚子肉-in,3,1
枸杞芽-in,6,1
鲜肉饺子-in,5,1
鸭珍-in,9,1
鸡蛋花-in,2,1
发菜-in,1,1
君叠菜-in,4,1
肉末豌豆-in,1,1
韭苔-in,9,1
奶酪面包-in,1,1
菜芯干-in,3,1
红薯粉条-in,4,1
鱼泡-in,3,1
肥瘦猪肉-in,4,1
鸡蛋饺-in,4,1
彩蔬蒸饺-in,8,1
黄瓜芯-in,2,1
咸蛋黄-in,8,2
芋饺-in,6,1
巧克力碎-in,6,2
蕃薯香葱煎饼-in,3,1
灵芝-in,3,1
番茄-in,69,25
肉-in,10906,1931
海苔-in,220,40
米-in,601,160
鱼-in,670,173
豆泡-in,122,38
肉肠-in,34,12
鱼肉-in,444,112
青菜-in,1844,541
面-in,692,183
虾-in,1342,332
花甲-in,220,38
南美大红虾-in,6,1
西蓝花-in,47,29
枣-in,180,68
巧克力粉-in,2,1
七彩糖条-in,5,1
蟹黄卷-in,5,2
蔬菜面-in,2,1
大米-in,233,56
沙拉生菜-in,4,1
青柠-in,56,31
麻汁-in,4,3
牛黄喉-in,2,1
包子-in,13,6
披萨-in,6,4
烤肠-in,73,21
鱼子酱-in,245,50
奶-in,27,12
茶-in,1,1
装饰花-in,7,5
菜-in,279,108
葱花-in,195,22
馒头-in,56,16
凉皮-in,39,10
紫甘蓝菜-in,6,3
大刀五花肉-in,2,1
鲜虾-in,5,1
巴沙鱼-in,14,4
谷饲肥牛-in,3,2
猪手-in,3,2
小西红柿-in,6,3
粉皮-in,126,30
泡面-in,11,4
羊五花-in,2,1
猪梅肉-in,9,2
枣糕-in,1,1
瓜子仁-in,3,1
毛肚-in,181,70
鲜肉丸-in,1,1
醋-in,4,2
芝士条-in,5,2
豆花-in,15,4
脑花-in,21,8
豆皮-in,237,98
面条-in,103,58
油条-in,61,30
水饺-in,37,9
血豆腐-in,96,25
皮蛋-in,66,10
糕点-in,29,9
香酥炸鸡-in,5,1
香芋地瓜丸-in,17,3
煎饺-in,10,5
薯乐鸡块-in,2,1
玉米布丁酥-in,1,1
瓜子-in,36,12
宽粉-in,113,57
香肠-in,200,67
土豆片-in,46,21
青豆-in,74,12
奥尔良鸡肉-in,10,1
菌菇-in,62,17
香梨-in,3,1
龙眼-in,14,4
黄金瓜-in,2,1
翅中-in,27,10
甜辣酱-in,22,16
鳗鱼片-in,2,1
黑猪梅花肉-in,3,1
黑牛上脑肉-in,2,1
雪花肥牛-in,15,3
上脑肉-in,2,1
螺-in,37,10
玉米粒-in,45,6
豆干-in,39,10
三文鱼肉-in,5,2
鸡腿-in,14,7
黑椒鸡块-in,2,1
脆骨-in,2,1
鸡排-in,18,11
辣牛肉-in,3,2
鸭血豆腐-in,3,1
大肠-in,28,6
虾肉-in,9,3
雪花牛肉-in,3,1
番茄酱-in,97,25
椰果-in,20,8
米饭-in,216,77
芋圆-in,80,17
翅根-in,2,1
大虾-in,42,10
牛小肠-in,2,1
八爪鱼-in,33,10
汤圆-in,66,9
香蕉片-in,2,1
姜片-in,2,2
土豆丝-in,18,6
小香肠-in,4,1
鱼片-in,23,2
白萝卜片-in,2,1
冰汤圆-in,1,1
椰肉-in,36,6
玫瑰花瓣-in,14,4
萝卜丁-in,1,1
沙糖桔-in,5,1
棉花糖-in,30,6
胡萝卜粒-in,2,1
花生米-in,62,17
花菜-in,85,33
肥肠-in,58,15
高汤汤底-in,1,1
番茄汤底-in,1,1
蛙-in,27,5
蟹柳-in,16,8
茼蒿菜-in,8,5
酸菜-in,66,24
萝卜片-in,3,2
成品鸡胸肉-in,1,1
成品鱿鱼-in,1,1
蒜香鸡柳-in,1,1
鸡柳-in,16,9
素菜-in,4,3
片片鱼-in,1,1
章鱼片-in,1,1
鱼酱-in,5,3
溏心蛋-in,1,1
达大刀羊肉-in,2,1
水果黄瓜-in,1,1
小肠-in,7,2
花生碎-in,19,12
红辣椒-in,36,6
绿辣椒-in,7,2
厚切黑五花-in,2,1
脆饼-in,3,2
猪排-in,16,6
太空椒-in,6,2
脆脆圈-in,2,1
嫩豆腐-in,3,1
鱼干-in,1,1
鱿鱼筒-in,3,1
肠-in,193,62
糖果-in,17,3
蒜薹-in,12,2
肉装羔羊-in,2,1
鱼皮角-in,8,1
蟹仔丸-in,11,1
芝士丸-in,6,1
顶级牛肉丸-in,8,1
鱼腐-in,22,1
鲷鱼汁-in,2,1
冰激凌大福-in,3,1
红油-in,14,8
酱油-in,5,2
牛排-in,79,27
小瓜-in,110,39
芒果慕斯-in,3,1
巧克力慕斯-in,1,1
墨鱼丸子-in,8,1
饼-in,99,35
章鱼肠-in,2,1
藕面筋-in,2,1
蛋液-in,3,1
彩虹糖条-in,1,1
奶蛋豆腐-in,2,1
烤鸭-in,15,5
葫芦鸡-in,2,1
梅子-in,2,1
牛肉丸-in,19,4
鸡背-in,4,1
油饼-in,1,1
烧鸡-in,13,2
面点-in,4,1
虾米-in,14,2
羊肉串-in,5,3
木鱼花-in,4,3
馄饨-in,8,3
火腿肠-in,40,11
千叶豆腐-in,16,7
罗非鱼片-in,1,1
冻豆腐-in,18,8
娃娃鱼-in,4,1
鲨鱼肠-in,9,1
章鱼丸子-in,2,1
蛙肉-in,27,5
草芽-in,6,1
山楂干-in,3,1
肉丸-in,40,7
卤肉-in,3,1
素毛肚-in,2,1
鸭素带-in,2,1
肉--in,2,1
烤面筋-in,6,1
烤鱼豆腐-in,1,1
烤生蚝-in,1,1
烤虾-in,3,2
青虾-in,10,4
烤串-in,58,12
羊肉卷-in,8,2
烤牛肉-in,6,1
乌鸡鸡爪-in,1,1
章鱼脚-in,3,1
鱿鱼花-in,4,2
黄金贝-in,1,1
榜眼香辣牛五花肉-in,7,1
老陈醋-in,1,1
凤梨-in,4,2
腰片-in,3,1
羊血豆腐-in,3,1
鱿鱼肉-in,7,2
野生红东星斑鱼腩-in,6,1
黑鱼肉-in,5,1
夹心蟹排-in,6,5
饭团-in,10,4
炸豆腐-in,8,2
饼干碎-in,1,1
蛋黄-in,12,3
牛筋-in,5,2
炒汤圆-in,1,1
豆沙-in,1,1
蜜枣-in,3,2
果冻-in,5,3
3D肥牛-in,9,2
红虾-in,8,3
黄瓜条-in,4,1
美蛙-in,3,1
腰花-in,2,2
雪花鱼-in,2,1
麻球-in,10,5
凉粉-in,50,10
剁椒鱼-in,4,1
鸡脚-in,12,5
雪花一口牛-in,2,1
凤爪-in,15,4
滑肉-in,3,1
芝士玉米-in,46,13
井水豆干-in,1,1
红柚-in,5,2
奶茶-in,1,1
饮品-in,6,4
香脆明虾红米肠-in,2,1
锅贴-in,29,6
大麦-in,3,1
椰奶-in,4,2
青提-in,19,4
黄瓜卷-in,1,1
核桃仁-in,1,1
肠粉-in,8,2
捞鸡-in,5,1
乳鸽-in,3,2
香蕉卷-in,2,1
火鸡面-in,6,2
椰条-in,3,1
鸵鸟肉-in,3,1
蛏王-in,1,1
羔羊肉-in,5,1
疙瘩-in,8,1
鱼蛋-in,10,2
牛舌-in,16,2
牛五花-in,3,1
蟹子-in,6,2
冻梨-in,9,1
冻柿子-in,5,1
黄花鱼-in,2,1
藕带-in,11,2
耗油-in,3,3
肚-in,7,3
酥肉-in,58,25
虫草-in,7,4
血-in,4,2
甜不辣-in,32,10
西多士-in,4,1
地瓜枣-in,2,1
肉沫-in,17,6
腐皮-in,6,2
窝窝头-in,3,2
黄辣丁-in,5,3
蛋挞-in,10,4
酱-in,71,36
麻花-in,14,4
炸串-in,7,4
串串-in,9,5
莴苣-in,11,3
核桃碎-in,15,1
萝卜丝-in,2,1
腌白菜-in,4,2
腌萝卜-in,6,4
腌胡萝卜-in,2,1
拌面-in,1,1
糯米饭-in,2,1
锅底-in,1,1
花生酥-in,13,1
糖浆-in,3,1
紫薯块-in,2,1
福袋-in,3,2
皮-in,1,1
濑尿虾-in,1,1
溂尿虾-in,1,1
抹茶奶油-in,2,1
小烤肠-in,7,2
羊脸-in,3,1
小吃-in,6,4
牛扒-in,6,3
酱沫-in,1,1
蟹-in,26,9
小鱼苗-in,1,1
萝卜粒-in,2,1
野果西米露-in,1,1
椰汁泡面-in,1,1
青芒-in,1,1
炸年糕-in,2,2
螺丝-in,1,1
豆米-in,6,1
酱菜-in,1,1
迷你肠-in,3,1
凉拌洋葱-in,1,1
炸鸡卷-in,7,3
抹茶粉-in,7,2
酱骨头-in,4,1
山葱-in,2,1
拖肥-in,2,1
拉糕-in,4,1
黑猪五花肉-in,3,1
猫耳朵-in,5,3
甜甜圈-in,22,7
炸肉-in,15,3
黑森林蛋糕-in,1,1
蝉蛹-in,2,1
桑叶-in,2,1
红花蟹-in,1,1
北渡鱼-in,1,1
大脸鸡排-in,1,1
馓子-in,4,2
苏子叶-in,3,1
寿司-in,25,10
青枣-in,41,7
笋尖牛肉-in,1,1
麻辣牛肉-in,2,2
香菜牛肉-in,1,1
禾花鱼-in,1,1
鱼糜混合千岛沙拉酱-in,3,1
蒜蓉酱-in,16,1
细粉-in,1,1
幼身面-in,1,1
烤鸡-in,11,3
烤鱼-in,8,4
冬豆-in,2,1
鲜切马尾牛-in,3,1
鲜切吊龙-in,2,1
粥-in,4,2
汤-in,4,3
炸薯条-in,7,2
鲜牛肉-in,3,2
水果牛肉粒-in,1,1
土豆泥-in,2,2
扇贝肉-in,19,4
鲜脆鹅肠-in,1,1
火箭鱿鱼-in,2,1
蒜苗-in,37,9
猪脚-in,6,2
籽虾-in,9,1
烤大虾-in,1,1
黄牛肉-in,62,4
猪上脑-in,5,3
肉滑-in,4,2
黄金凤虾-in,2,1
小野菜-in,5,1
金菇-in,1,1
鱼籽-in,1,1
炸鸡块-in,17,4
梅肉粒-in,8,1
酪乳-in,1,1
芥末酱-in,6,2
鸭排-in,7,1
鱿鱼须-in,5,3
谷饲眼肉-in,1,1
汉堡皮-in,6,1
白鱼-in,1,1
田鸡-in,13,1
沙拉-in,4,2
蝉-in,12,2
大白菜-in,1,1
炸鸡翅-in,5,2
鱼米年糕-in,3,1
炸虾-in,16,4
黑椒-in,3,1
杂酱-in,2,1
老虎斑鱼-in,1,1
松茸菌肉丸-in,2,1
大枣-in,41,19
菌-in,3,1
鳖-in,1,1
柿子-in,17,5
芭乐-in,4,1
水果沙拉-in,2,2
海草-in,24,7
榴莲酥-in,3,1
零食饼干-in,4,3
零食-in,22,7
可乐-in,2,2
退秋鱼-in,5,1
泡芙-in,3,2
玉米汁-in,1,1
油豆皮-in,12,6
雪花鱼肉-in,6,1
刺身-in,43,5
干锅蛙-in,1,1
莲藕-in,14,7
萝卜条-in,6,3
妙脆角-in,7,1
黑木耳-in,20,11
猪蹄块-in,2,1
夹心-in,2,1
明太鱼肉-in,4,1
美味辽参--in,4,1
松叶蟹柳-in,5,1
鲷鱼刺身-in,4,1
特选肥牛-in,2,1
小羊排肉-in,4,1
画卷-in,3,1
香干-in,11,2
瑶山鸡-in,1,1
粉丝扇贝-in,12,3
宽意面-in,2,1
炸面饼-in,2,1
卤味-in,2,1
鸡架骨-in,2,1
芝士牛肉饼脆脆-in,4,1
食品-in,1,1
乌鸡肉-in,3,1
豆腐丝-in,1,1
糍粑-in,22,9
薄脆-in,6,3
干豆角-in,1,1
黄金饺-in,1,1
蟹钳-in,11,2
乌鸡爪-in,2,1
粽子-in,4,1
卤鸡爪-in,2,1
荔枝芝士虾球-in,5,1
蒜蓉粉丝扇贝-in,1,1
干鱿鱼-in,4,1
鳝鱼-in,3,1
猪蹄筋-in,4,1
藕条-in,3,1
红公鸡肉-in,10,1
虾饼-in,2,1
甜点-in,2,2
冰淇凌筒-in,5,1
黄喉-in,6,2
和牛肉-in,5,1
现鸭血-in,2,1
栗子-in,32,5
牛肋条-in,3,1
牛肉粒-in,17,3
紫苏鸡皮虾-in,2,1
胡椒粉-in,4,2
雪花和牛-in,3,1
炸蟹脚-in,2,1
肝-in,5,2
艾叶粑-in,5,1
阿根廷鱿鱼王-in,1,1
牛油-in,5,2
鱼胶-in,9,1
羊肝-in,14,1
多肉-in,9,2
野生菌-in,1,1
乌米-in,5,1
培根卷金针菇-in,3,1
奶昔-in,5,1
炸腐竹-in,10,2
炸虾圈-in,1,1
啵啵-in,19,3
羊尾油-in,6,1
可可碎片-in,7,1
芝麻球-in,10,1
麦片-in,9,3
全脂牛奶-in,3,1
嫩肉-in,3,1
鱼唇-in,4,1
海带丝-in,20,3
奶冻-in,10,1
山楂片-in,25,3
耦合-in,26,2
和牛横膈膜-in,18,1
黑毛猪五花-in,2,1
糖醋里脊-in,1,1
春卷-in,4,3
延边黄牛肉-in,6,1
味精-in,2,2
小瓜卜-in,1,1
玉米饼-in,2,1
饺子馅-in,1,1
爆珠-in,4,2
花卷-in,4,2
飞蟹-in,4,1
鸽子肉-in,9,2
抄手-in,3,1
紫薯球-in,5,1
羊骨-in,6,1
油-in,2,1
红薯条-in,1,1
三明治-in,1,1
红糖糍粑-in,1,1
M4澳洲和牛-in,2,1
毛豆角-in,1,1
生煎包-in,5,1
鸡肉串-in,3,1
红腰豆-in,2,2
洋葱丝-in,1,1
调味猪五花-in,4,1
鸭脚-in,3,1
厚切牛舌-in,5,1
甲罗烧-in,1,1
牛筋丸-in,12,1
章鱼烧-in,4,1
炸鸡肉-in,3,1
吐司-in,7,2
装饰草-in,1,1
酸菜鱼-in,2,1
花瓣-in,12,2
鸡血-in,6,1
四季豆-in,1,1
牛角花-in,5,1
竹蛏-in,6,1
疙瘩汤-in,1,1
雪碧-in,2,1
罗非鱼肉-in,4,1
黑胡椒牛肉-in,11,2
羊血-in,6,2
北极贝-in,2,1
肥羊肉-in,3,1
牛仔粒-in,13,2
雪花牛肉粒-in,5,1
桂花鱼-in,7,1
绝味鱿鱼脚-in,2,1
生制法式培根-in,6,1
满满肥牛卷-in,2,1
和牛嫩五花-in,1,1
麻辣汤底-in,6,1
骨汤底-in,1,1
吊龙-in,12,3
匙仁-in,3,1
匙柄-in,3,1
三花肚-in,3,1
黑牛五花肉-in,3,1
小金桔-in,7,5
土猪肉-in,1,1
三文鱼刺身-in,3,1
鲜鸭肠-in,3,1
鸡骨头-in,15,1
鸡块-in,24,5
牛胸肉-in,5,1
黑虎虾-in,8,2
白贝-in,52,1
姜丝-in,10,3
菌子-in,27,4
牦牛肉-in,5,1
鸭锁骨-in,4,2
鸭脖子-in,5,2
粘米粉-in,6,1
肉味增-in,6,3
玉米卷-in,10,1
耗牛肉-in,6,1
麻薯-in,18,1
马蹄爆爆珠-in,6,1
黄桃果肉粒-in,2,1
蜜饯-in,6,3
鸭爪-in,14,3
秘制五花肉-in,12,1
水果拼盘-in,2,2
黑鮰鱼-in,6,1
面粉-in,10,1
培根金针菇卷-in,1,1
雪梨-in,1,1
炸豆皮-in,5,3
烧烤-in,15,3
冰激凌筒-in,5,2
地瓜条-in,1,1
经典牛五花-in,1,1
特味肥牛-in,1,1
香芒草-in,1,1
红酒鹅肝-in,7,2
炒酸奶-in,4,1
守柴炉烤鸭-in,3,1
叶子-in,4,2
兔腿-in,2,1
奥利奥--in,1,1
萝卜缨-in,1,1
包浆豆腐-in,5,1
芒果--in,2,1
山药片-in,4,2
西米-in,4,2
鳄鱼-in,2,1
百叶-in,2,1
炒花甲-in,4,1
小笼包-in,7,2
辣椒圈-in,2,1
海星-in,8,4
贝-in,1,1
包菜-in,8,3
手工汉堡-in,1,1
得克萨斯烟熏肉-in,1,1
虾片-in,3,2
西红柿片-in,1,1
虾串-in,2,1
多肉背背-in,2,1
牛肉串-in,3,2
掌中宝-in,3,2
年糕串-in,2,1
大面筋-in,2,1
开花肠-in,6,3
拉丝芝士棒-in,4,2
一口肠-in,6,3
芋泥奶贝蛋糕-in,2,1
雪饼-in,2,1
柠檬干-in,1,1
火腿片-in,4,3
火龙果酱-in,1,1
猪油-in,2,1
黑牛肋条-in,1,1
烤鸟-in,2,1
大回-in,1,1
贴饼-in,1,1
圆白菜-in,1,1
豆片-in,3,1
油黄鸡-in,1,1
秘制鹌鹑蛋-in,1,1
鸡肉丸-in,1,1
培根肉片-in,1,1
麻辣小郡肝-in,4,1
北海翅鱼条-in,1,1
鸡蛋干-in,1,1
天味小香肠-in,1,1
鲜椒鸡柳-in,1,1
麻辣鸡心-in,1,1
麻辣鸡翅尖-in,1,1
虾迷饺-in,1,1
豆片卷-in,1,1
南瓜片-in,2,1
鸡蛋糕-in,1,1
糖蒜-in,6,3
果皮-in,2,1
薄片-in,2,1
荷兰芹菜-in,1,1
红薯粉-in,1,1
大鸡排-in,1,1
耙鸡脚-in,1,1
波纹薯条-in,2,1
泡菜饼-in,2,1
年糕条-in,5,1
干豆皮-in,2,1
里脊肉-in,6,3
桂花藕-in,1,1
韭菜酱-in,2,1
酸辣白菜-in,2,1
大虾春卷-in,6,1
罐头-in,2,1
黄桃罐头-in,1,1
小馒头-in,8,1
翅尖-in,10,2
黑椒牛肉-in,4,1
脆皮肠-in,6,1
鱼籽包-in,3,1
极黑牛肋间五花-in,3,1
青瓜-in,2,1
折耳根-in,15,4
鱼籽烧-in,2,1
墨鱼丸-in,6,1
燕饺-in,4,1
鱼腰花-in,1,1
雪山鱼-in,4,1
盐焗鸡-in,8,1
料包-in,2,1
天妇罗-in,6,1
章鱼小丸子-in,13,2
盐酥鸡-in,14,1
海胆丸-in,15,1
黄豆粉-in,3,2
树番茄-in,3,1
紫糯米丸子-in,1,1
老鸭-in,5,1
牛胸口肉-in,3,1
牛肉肋条-in,6,1
鱼豆花-in,2,1
鲜虾滑-in,2,1
黑豆花-in,1,1
毛血旺-in,2,1
猪五花-in,1,1
牛河-in,2,1
三杯杏鲍菇-in,1,1
豆丝春饼-in,1,1
牦牛肉鲜片-in,4,1
老豆腐-in,12,1
东北茄子-in,15,1
红豆泥-in,3,1
雪糕-in,1,1
肇东小饼-in,3,1
甜皮鸭-in,2,1
骰子牛肉-in,6,1
黑椒牛排-in,5,1
果浆-in,2,1
无头甜虾-in,2,1
素鲍鱼-in,2,1
甘蔗-in,3,1
洋芋-in,15,2
小苦菜-in,1,1
小黄瓜-in,4,1
大黄瓜-in,1,1
竹虫-in,2,1
蚕蛹-in,2,1
蚂蚱-in,2,1
猪脑-in,3,1
尾巴-in,3,1
葱肠-in,1,1
罗非鱼-in,5,1
鹌鹑-in,4,1
鸡脚筋-in,4,1
鱿鱼头-in,3,1
板筋-in,4,2
小黄牛肉-in,3,1
指甲贝-in,4,1
海贝-in,3,1
哈蜜瓜-in,2,1
鸡爪子-in,2,1
青-in,1,1
糯米团子-in,11,1
布丁-in,1,1
装饰叶-in,10,2
甜面酱-in,2,2
参-in,10,1
清鮰鱼-in,1,1
蜂蜜酱-in,2,1
虹鳟鱼-in,5,1
大鹅-in,13,1
人参果-in,3,1
虎皮鸡爪-in,1,1
虾球-in,8,2
馒头炼乳-in,2,1
菜根-in,1,1
蟹脚-in,3,2
山菌-in,3,1
混沌-in,2,1
小虾-in,3,1
香菜牛肉卷-in,2,1
雪花酥-in,2,1
炒青菜-in,1,1
小蛋糕-in,2,1
脆皮鸡-in,1,1
安格斯牛肉-in,2,1
小鱼-in,1,1
鲜虾卷-in,1,1
金针菇卷-in,3,1
炒白菜-in,1,1
胡椒面-in,1,1
蜂蜜芥末酱-in,12,1
鸡丸-in,7,1
梭边鱼-in,2,1
花生苗-in,4,1
海南鸡肉-in,5,1
韭菜花酱-in,2,1
川味鸡中翅-in,2,1
象鼻蚌-in,2,1
马兰花-in,6,2
黄金米-in,5,1
响铃卷-in,11,4
蓝口贝-in,8,3
烧豆腐-in,9,1
蒜蓉扇贝-in,12,1
蒜蓉生蚝-in,11,1
覆盆子-in,7,1
大青虾-in,7,1
桂花糖藕-in,3,1
乳鸽肉-in,13,2
花-in,3,1
老婆饼-in,14,1
蟹卷-in,3,1
黑冰粉-in,5,1
鱿鱼圈-in,6,3
黑绷筋-in,2,1
炸鸡柳-in,4,1
肉粒-in,1,1
田蛙肉-in,4,1
黑椒牛肉粒-in,2,1
泡菜五花肉-in,1,1
奥尔良翅中-in,1,1
叉烧猪排-in,1,1
脆笋-in,1,1
苏紫叶-in,1,1
巧乐力-in,1,1
培根肉-in,7,1
牛毛肚-in,2,1
牛大肠-in,4,1
瑶柱-in,3,2
茶包-in,1,1
藕夹条-in,19,1
花贝-in,3,1
红心萝卜-in,3,1
番茄锅-in,1,1
麻辣牛油锅-in,1,1
黑牛-in,9,1
鸳鸯锅底-in,2,2
草莓果酱-in,3,1
鱿鱼丝-in,2,1
翻糖-in,39,1
炸鱼蛋-in,5,1
鸡中翅-in,3,1
鱼骨-in,1,1
紫薯面-in,1,1
魔芋丝-in,4,2
乌鱼-in,1,1
炸春卷-in,1,1
鸡丝-in,7,2
黑胡椒酱-in,2,1
豆蔻-in,2,1
鱼肉豆腐-in,1,1
金丝鱼卷-in,1,1
果糖-in,7,1
大白兔奶糖-in,6,1
清汤锅底-in,1,1
辣锅底-in,1,1
鲍汁鲍鱼-in,1,1
肥牛上脑-in,2,1
长沙臭干子-in,3,1
糖饼-in,2,1
鱼翅-in,4,1
豆腐脑-in,3,1
多宝鱼船-in,1,1
腌菜-in,1,1
藤椒-in,3,1
胡豆-in,2,1
蔬菜沙拉-in,1,1
蛋饼-in,2,1
彩椒-in,1,1
黑松露-in,6,1
管面-in,2,1
拉皮-in,6,1
腊八粥-in,1,1
鹅掌-in,1,1
饭-in,1,1
手抓饭-in,1,1
郡花-in,2,1
甜肠-in,2,2
绝味-in,1,1
牛腰-in,2,1
黄米-in,8,2
鸡丁-in,8,1
蜜橘-in,8,1
西梅-in,2,1
话梅-in,2,1
开心果-in,2,1
牛排酱-in,4,1
糖醋鱼-in,1,1
火锅串串-in,3,1
罗氏虾-in,1,1
无骨鸡爪-in,1,1
麒麟果-in,2,1
欧芹-in,1,1
李子-in,2,1
红薯球-in,2,1
黄油-in,3,1
海虹-in,2,1
麻辣香包-in,1,1
蟹籽包-in,2,1
太阳蛋-in,1,1
牧鹅-in,2,1
肉皮-in,3,1
豆卷-in,5,2
蓝莓果酱-in,2,1
钉螺-in,4,1
牛排肉-in,1,1
金针菇肉卷-in,3,2
肥牛卷-in,2,1
面食-in,4,1
煎蛋-in,2,1
薯饼-in,1,1
乌鱼卷-in,8,3
饮料-in,1,1
鹰嘴豆-in,10,1
猪脚筋-in,1,1
牛肉卷香菜-in,1,1
瘦肉-in,1,1
牛黄金-in,1,1
响皮-in,1,1
臭豆腐-in,16,2
胸口油-in,3,1
调-in,1,1
香草-in,1,1
魔芋结-in,1,1
火锅-in,3,1
单饼-in,1,1
豆腐乳-in,1,1
美人椒-in,2,1
鸡精-in,2,1
烤鲍鱼-in,1,1
马克龙-in,1,1
烤鸡腿-in,1,1
牛肉酱-in,1,1
筋头巴脑-in,4,1
纯肉手工丸子-in,6,1
香芋爆浆麻薯-in,5,1
鸡枞-in,2,1
椰果粒-in,1,1
金银花-in,1,1
茉莉-in,1,1
葱段-in,3,1
红豆馅-in,4,1
炸蛋-in,2,2
桂花糕-in,2,1
生巧克力酱-in,2,1
白巧克力-in,5,1
招牌牛肉串-in,2,1
爆汁纯肉肠-in,2,1
麻辣鸡翅串-in,1,1
多肉背背鸡-in,2,1
广味香肠-in,2,1
大葱-in,1,1
炸鸡排-in,3,1
小油条-in,1,1
